{
  "Type": "Simple",
  "$Comment": "Prepare Delay",
  "RunTime": 0.367,
  "Next": {
    "Type": "Parallel",
    "$Comment": "Make sure this parallel interaction is needed and can't be optimized away",
    "Interactions": [
      {
        "Interactions": [
          {
            "Type": "Selector",
            "$Comment": "Length of Combat",
            "RunTime": 0.083,
            "Selector": {
              "Id": "Horizontal",
              "Direction": "ToLeft",
              "TestLineOfSight": true,
              "ExtendTop": 1,
              "ExtendBottom": 1,
              "StartDistance": 0.5,
              "EndDistance": 3,
              "Length": 30,
              "RollOffset": -90,
              "YawStartOffset": -15
            },
            "HitEntity": {
              "Interactions": [
                {
                  "Type": "Replace",
                  "DefaultValue": {
                    "Interactions": [
                      "NPC_Attack_Melee_Damage"
                    ]
                  },
                  "Var": "Melee_Damage"
                }
              ]
            },
            "Next": {
              "Type": "Simple",
              "$Comment": "Pad the interaction length",
              "RunTime": 0.384
            }
          }
        ]
      },
      {
        "Interactions": [
          {
            "Type": "Simple",
            "$Comment": "Length of Effect",
            "RunTime": 0.167,
            "Effects": {
              "WorldSoundEventId": "SFX_NPC_Unarmed_Swing"
            }
          }
        ]
      }
    ]
  },
  "Effects": {
    "ItemPlayerAnimationsId": "Metal_Dragon_Protector_Anim",
    "WaitForAnimationToFinish": true
  }
}
