{
  "Type": "Variant",
  "Reference": "Template_Goblin_Scavenger",
  "Modify": {
    "Appearance": "Robot_Goblin",
    "DropList": "Mecha_Rat",
    "ChangeRole": true,
    "_CombatConfig": "CAE_Goblin_Scavenger",
    "MaxHealth": 38,
    "IsMemory": true,
    "MemoriesCategory": "Goblin",
    "NameTranslationKey": {
      "Compute": "NameTranslationKey"
    }
  },
  "Parameters": {
    "NameTranslationKey": {
      "Value": "server.npcRoles.Goblin_Hermit.name",
      "Description": "Translation key for NPC name display"
    }
  }
}
