{
  "Model": "NPC/models/MechaSkarak.blockymodel",
  "Texture": "NPC/models/MechaSkarak.png",
  "EyeHeight": 1.4,
  "CrouchOffset": -0.6,
  "HitBox": {
    "Max": {
      "X": 0.9,
      "Y": 1.8,
      "Z": 0.9
    },
    "Min": {
      "X": -0.9,
      "Y": 0,
      "Z": -0.9
    }
  },
  "DefaultAttachments": [],
  "AnimationSets": {
    "Idle": {
      "Animations": [
        {
          "Animation": "NPC/Beast/Scarak_Fighter/Animations/Default/Idle.blockyanim"
        }
      ]
    },
    "Walk": {
      "Animations": [
        {
          "Animation": "NPC/Beast/Scarak_Fighter/Animations/Default/Walk.blockyanim",
          "Speed": 0.8
        }
      ]
    },
    "WalkBackward": {
      "Animations": [
        {
          "Animation": "NPC/Beast/Scarak_Fighter/Animations/Default/Walk_Backward.blockyanim"
        }
      ]
    },
    "Run": {
      "Animations": [
        {
          "Animation": "NPC/Beast/Scarak_Fighter/Animations/Default/Run.blockyanim",
          "Speed": 1
        }
      ]
    },
    "Crouch": {
      "Animations": [
        {
          "Animation": "NPC/Beast/Scarak_Fighter/Animations/Default/Crouch.blockyanim",
          "BlendingDuration": 0.1,
          "Looping": true
        }
      ]
    },
    "CrouchWalk": {
      "Animations": [
        {
          "Animation": "NPC/Beast/Scarak_Fighter/Animations/Default/Crouch_Walk.blockyanim",
          "BlendingDuration": 0.1
        }
      ]
    },
    "CrouchWalkBackward": {
      "Animations": [
        {
          "Animation": "NPC/Beast/Scarak_Fighter/Animations/Default/Crouch_Walk_Backward.blockyanim",
          "BlendingDuration": 0.1
        }
      ]
    },
    "Jump": {
      "Animations": [
        {
          "Animation": "NPC/Beast/Scarak_Fighter/Animations/Default/Jump.blockyanim",
          "Looping": false
        }
      ]
    },
    "JumpWalk": {
      "Animations": [
        {
          "Animation": "NPC/Beast/Scarak_Fighter/Animations/Default/Jump.blockyanim",
          "BlendingDuration": 0.2,
          "Looping": false
        }
      ]
    },
    "JumpRun": {
      "Animations": [
        {
          "Animation": "NPC/Beast/Scarak_Fighter/Animations/Default/Jump_Far.blockyanim",
          "Looping": false
        }
      ]
    },
    "Fall": {
      "Animations": [
        {
          "Animation": "NPC/Beast/Scarak_Fighter/Animations/Default/Fall.blockyanim"
        }
      ]
    },
    "Alerted": {
      "Animations": [
        {
          "Animation": "NPC/Beast/Scarak_Fighter/Animations/Default/Alerted.blockyanim",
          "Looping": false,
          "SoundEventId": "SFX_Scarak_Fighter_Alerted"
        }
      ]
    },
    "FlyIdle": {
      "Animations": [
        {
          "Animation": "NPC/Beast/Scarak_Fighter/Animations/Default/Fall.blockyanim"
        }
      ]
    },
    "Fly": {
      "Animations": [
        {
          "Animation": "NPC/Beast/Scarak_Fighter/Animations/Default/Fall.blockyanim"
        }
      ]
    },
    "FlyFast": {
      "Animations": [
        {
          "Animation": "NPC/Beast/Scarak_Fighter/Animations/Default/Fall.blockyanim"
        }
      ]
    },
    "Hurt": {
      "Animations": [
        {
          "Animation": "NPC/Beast/Scarak_Fighter/Animations/Damage/Hurt.blockyanim",
          "BlendingDuration": 0.1,
          "Looping": false,
          "SoundEventId": "SFX_Scarak_Fighter_Hurt"
        }
      ]
    },
    "Death": {
      "Animations": [
        {
          "Animation": "NPC/Beast/Scarak_Fighter/Animations/Damage/Death.blockyanim",
          "Looping": false,
          "SoundEventId": "SFX_Scarak_Fighter_Death"
        }
      ]
    },
    "Laydown": {
      "Animations": [
        {
          "Animation": "NPC/Beast/Scarak_Fighter/Animations/Default/Laydown.blockyanim",
          "Looping": false
        }
      ]
    },
    "Sleep": {
      "Animations": [
        {
          "Animation": "NPC/Beast/Scarak_Fighter/Animations/Default/Sleep.blockyanim"
        }
      ]
    },
    "Wake": {
      "Animations": [
        {
          "Animation": "NPC/Beast/Scarak_Fighter/Animations/Default/Wake.blockyanim",
          "Looping": false
        }
      ]
    },
    "Spawn": {
      "Animations": [
        {
          "Animation": "NPC/Beast/Scarak_Fighter/Animations/Default/Spawn.blockyanim",
          "BlendingDuration": 0,
          "Looping": false
        }
      ]
    }
  },
  "Icon": "Icons/ModelsGenerated/Mecha_Scarak.png",
  "IconProperties": {
    "Scale": 0.25,
    "Rotation": [
      0,
      -45,
      0
    ],
    "Translation": [
      0,
      -75
    ]
  }
}
