{
  "Model": "NPC/models/Model (1).blockymodel",
  "Texture": "NPC/models/Texture.png",
  "EyeHeight": 0.5,
  "CrouchOffset": -0.1,
  "HitBox": {
    "Max": {
      "X": 0.4,
      "Y": 0.7,
      "Z": 0.4
    },
    "Min": {
      "X": -0.4,
      "Y": 0,
      "Z": -0.4
    }
  },
  "MinScale": 1.3,
  "AnimationSets": {
    "Idle": {
      "Animations": [
        {
          "Animation": "NPC/Beast/Rat/Animations/Default/Idle.blockyanim"
        }
      ]
    },
    "Walk": {
      "Animations": [
        {
          "Animation": "NPC/Beast/Rat/Animations/Default/Walk.blockyanim"
        }
      ]
    },
    "WalkBackward": {
      "Animations": [
        {
          "Animation": "NPC/Beast/Rat/Animations/Default/Walk_Backward.blockyanim"
        }
      ]
    },
    "Run": {
      "Animations": [
        {
          "Animation": "NPC/Beast/Rat/Animations/Default/Run.blockyanim"
        }
      ]
    },
    "Crouch": {
      "Animations": [
        {
          "Animation": "NPC/Beast/Rat/Animations/Default/Crouch.blockyanim",
          "BlendingDuration": 0.1,
          "Looping": false
        }
      ]
    },
    "CrouchWalk": {
      "Animations": [
        {
          "Animation": "NPC/Beast/Rat/Animations/Default/Crouch_Walk.blockyanim",
          "BlendingDuration": 0.1
        }
      ]
    },
    "CrouchWalkBackward": {
      "Animations": [
        {
          "Animation": "NPC/Beast/Rat/Animations/Default/Crouch_Walk_Backward.blockyanim",
          "BlendingDuration": 0.1
        }
      ]
    },
    "Jump": {
      "Animations": [
        {
          "Animation": "NPC/Beast/Rat/Animations/Default/Jump.blockyanim",
          "BlendingDuration": 0.1,
          "Looping": false,
          "Speed": 0.8
        }
      ]
    },
    "JumpWalk": {
      "Animations": [
        {
          "Animation": "NPC/Beast/Rat/Animations/Default/Jump.blockyanim",
          "BlendingDuration": 0.1,
          "Looping": false,
          "Speed": 0.6
        }
      ]
    },
    "JumpRun": {
      "Animations": [
        {
          "Animation": "NPC/Beast/Rat/Animations/Default/Jump_Far.blockyanim",
          "BlendingDuration": 0.1,
          "Looping": false,
          "Speed": 0.6
        }
      ]
    },
    "Fall": {
      "Animations": [
        {
          "Animation": "NPC/Beast/Rat/Animations/Default/Fall.blockyanim",
          "BlendingDuration": 0.4,
          "Looping": true
        }
      ]
    },
    "Alerted": {
      "Animations": [
        {
          "Animation": "NPC/Beast/Rat/Animations/Default/Alerted.blockyanim",
          "Looping": false
        }
      ]
    },
    "Curious": {
      "Animations": [
        {
          "Animation": "NPC/Beast/Rat/Animations/Flavor/Curious.blockyanim"
        }
      ]
    },
    "Hurt": {
      "Animations": [
        {
          "Animation": "NPC/Beast/Rat/Animations/Damage/Hurt.blockyanim",
          "BlendingDuration": 0.1,
          "Looping": false,
          "SoundEventId": "SFX_Rat_Hurt"
        }
      ]
    },
    "Death": {
      "Animations": [
        {
          "Animation": "NPC/Beast/Rat/Animations/Damage/Death.blockyanim",
          "Looping": false,
          "SoundEventId": "SFX_Rat_Death"
        }
      ]
    },
    "Laydown": {
      "Animations": [
        {
          "Animation": "NPC/Beast/Rat/Animations/Default/Laydown.blockyanim",
          "Looping": false
        }
      ]
    },
    "Sleep": {
      "Animations": [
        {
          "Animation": "NPC/Beast/Rat/Animations/Default/Sleep.blockyanim"
        }
      ]
    },
    "Wake": {
      "Animations": [
        {
          "Animation": "NPC/Beast/Rat/Animations/Default/Wake.blockyanim",
          "Looping": false
        }
      ]
    },
    "Spawn": {
      "Animations": [
        {
          "Animation": "NPC/Beast/Rat/Animations/Default/Spawn.blockyanim",
          "BlendingDuration": 0,
          "Looping": false
        }
      ]
    },
    "IdlePassive": {
      "Animations": [
        {
          "Animation": "NPC/Beast/Rat/Animations/Flavor/Sniff.blockyanim"
        },
        {
          "Animation": "NPC/Beast/Rat/Animations/Flavor/Sniff_Stand.blockyanim"
        },
        {
          "Animation": "NPC/Beast/Rat/Animations/Flavor/Itch.blockyanim"
        }
      ],
      "NextAnimationDelay": {
        "Max": 10,
        "Min": 2
      }
    },
    "Flee": {
      "Animations": [
        {
          "Animation": "NPC/Beast/Rat/Animations/Flavor/Flee.blockyanim"
        }
      ]
    }
  },
  "Icon": "Icons/ModelsGenerated/Mecha_Rat.png",
  "IconProperties": {
    "Scale": 0.25,
    "Rotation": [
      0,
      -45,
      0
    ],
    "Translation": [
      0,
      -75
    ]
  },
  "MaxScale": 1.3
}
