{
  "EyeHeight": 0.45,
  "CrouchOffset": -0.2,
  "HitBox": {
    "Max": {
      "X": 0.3,
      "Y": 0.65,
      "Z": 0.3
    },
    "Min": {
      "X": -0.3,
      "Y": 0,
      "Z": -0.3
    }
  },
  "Light": {
    "Color": "#4c2"
  },
  "Camera": {
    "Pitch": {
      "AngleRange": {
        "Max": 15,
        "Min": -15
      },
      "TargetNodes": [
        "Head"
      ]
    },
    "Yaw": {
      "AngleRange": {
        "Max": 15,
        "Min": -15
      },
      "TargetNodes": [
        "Head"
      ]
    }
  },
  "AnimationSets": {
    "Idle": {
      "Animations": [
        {
          "Animation": "NPC/Beast/Spark_Living/Animations/Default/Idle.blockyanim"
        }
      ]
    },
    "Walk": {
      "Animations": [
        {
          "Animation": "NPC/Beast/Spark_Living/Animations/Default/Walk.blockyanim",
          "Speed": 1.4
        }
      ]
    },
    "WalkBackward": {
      "Animations": [
        {
          "Animation": "NPC/Beast/Spark_Living/Animations/Default/Walk_Backward.blockyanim",
          "Speed": 1.4
        }
      ]
    },
    "Run": {
      "Animations": [
        {
          "Animation": "NPC/Beast/Spark_Living/Animations/Default/Run.blockyanim",
          "Speed": 1.4
        }
      ]
    },
    "Crouch": {
      "Animations": [
        {
          "Animation": "NPC/Beast/Spark_Living/Animations/Default/Crouch.blockyanim",
          "BlendingDuration": 0.1,
          "Speed": 1
        }
      ]
    },
    "CrouchWalk": {
      "Animations": [
        {
          "Animation": "NPC/Beast/Spark_Living/Animations/Default/Crouch_Walk.blockyanim",
          "Speed": 1.4
        }
      ]
    },
    "CrouchWalkBackward": {
      "Animations": [
        {
          "Animation": "NPC/Beast/Spark_Living/Animations/Default/Crouch_Walk_Backward.blockyanim",
          "Speed": 1.4
        }
      ]
    },
    "Alerted": {
      "Animations": [
        {
          "Animation": "NPC/Beast/Spark_Living/Animations/Default/Alerted.blockyanim",
          "Looping": false,
          "SoundEventId": "SFX_Spark_Living_Alerted"
        }
      ]
    },
    "Jump": {
      "Animations": [
        {
          "Animation": "NPC/Beast/Spark_Living/Animations/Default/Jump.blockyanim",
          "BlendingDuration": 0.1,
          "Looping": false,
          "Speed": 1.2
        }
      ]
    },
    "JumpRun": {
      "Animations": [
        {
          "Animation": "NPC/Beast/Spark_Living/Animations/Default/Jump_Far.blockyanim",
          "BlendingDuration": 0.1,
          "Looping": false,
          "Speed": 1.2
        }
      ]
    },
    "Fall": {
      "Animations": [
        {
          "Animation": "NPC/Beast/Spark_Living/Animations/Default/Fall.blockyanim",
          "BlendingDuration": 0.4
        }
      ]
    },
    "FallFar": {
      "Animations": [
        {
          "Animation": "NPC/Beast/Spark_Living/Animations/Default/Fall_Far.blockyanim",
          "BlendingDuration": 0.4,
          "Speed": 1
        }
      ]
    },
    "FlyIdle": {
      "Animations": [
        {
          "Animation": "NPC/Beast/Spark_Living/Animations/Fly/Fly_Idle.blockyanim"
        }
      ]
    },
    "Fly": {
      "Animations": [
        {
          "Animation": "NPC/Beast/Spark_Living/Animations/Fly/Fly.blockyanim"
        }
      ]
    },
    "FlyBackward": {
      "Animations": [
        {
          "Animation": "NPC/Beast/Spark_Living/Animations/Fly/Fly_Backward.blockyanim"
        }
      ]
    },
    "FlyFast": {
      "Animations": [
        {
          "Animation": "NPC/Beast/Spark_Living/Animations/Fly/Fly_Fast.blockyanim"
        }
      ]
    },
    "SwimIdle": {
      "Animations": [
        {
          "Animation": "NPC/Beast/Spark_Living/Animations/Fly/Fly_Idle.blockyanim",
          "Speed": 0.8
        }
      ]
    },
    "Swim": {
      "Animations": [
        {
          "Animation": "NPC/Beast/Spark_Living/Animations/Fly/Fly.blockyanim",
          "Speed": 0.8
        }
      ]
    },
    "SwimBackward": {
      "Animations": [
        {
          "Animation": "NPC/Beast/Spark_Living/Animations/Fly/Fly_Backward.blockyanim",
          "Speed": 0.8
        }
      ]
    },
    "SwimFast": {
      "Animations": [
        {
          "Animation": "NPC/Beast/Spark_Living/Animations/Fly/Fly_Fast.blockyanim",
          "Speed": 0.8
        }
      ]
    },
    "SwimJump": {
      "Animations": [
        {
          "Animation": "NPC/Beast/Spark_Living/Animations/Default/Jump.blockyanim",
          "Speed": 0.7
        }
      ]
    },
    "SwimFloat": {
      "Animations": [
        {
          "Animation": "NPC/Beast/Spark_Living/Animations/Fly/Fly_Idle.blockyanim",
          "Speed": 0.6
        }
      ]
    },
    "SwimSink": {
      "Animations": [
        {
          "Animation": "NPC/Beast/Spark_Living/Animations/Default/Fall.blockyanim",
          "Speed": 0.6
        }
      ]
    },
    "SwimDive": {
      "Animations": [
        {
          "Animation": "NPC/Beast/Spark_Living/Animations/Fly/Fly.blockyanim",
          "Speed": 0.8
        }
      ]
    },
    "SwimDiveBackward": {
      "Animations": [
        {
          "Animation": "NPC/Beast/Spark_Living/Animations/Fly/Fly_Backward.blockyanim",
          "Speed": 0.8
        }
      ]
    },
    "SwimDiveFast": {
      "Animations": [
        {
          "Animation": "NPC/Beast/Spark_Living/Animations/Fly/Fly_Fast.blockyanim",
          "Speed": 0.8
        }
      ]
    },
    "FluidIdle": {
      "Animations": [
        {
          "Animation": "NPC/Beast/Spark_Living/Animations/Default/Idle.blockyanim",
          "Speed": 0.6
        }
      ]
    },
    "FluidWalk": {
      "Animations": [
        {
          "Animation": "NPC/Beast/Spark_Living/Animations/Default/Walk.blockyanim",
          "Speed": 0.6
        }
      ]
    },
    "FluidWalkBackward": {
      "Animations": [
        {
          "Animation": "NPC/Beast/Spark_Living/Animations/Default/Walk_Backward.blockyanim",
          "Speed": 0.6
        }
      ]
    },
    "FluidRun": {
      "Animations": [
        {
          "Animation": "NPC/Beast/Spark_Living/Animations/Default/Walk_Backward.blockyanim",
          "Speed": 0.6
        }
      ]
    },
    "Hurt": {
      "Animations": [
        {
          "Animation": "NPC/Beast/Spark_Living/Animations/Damage/Hurt.blockyanim",
          "Looping": false
        }
      ]
    },
    "Death": {
      "Animations": [
        {
          "Animation": "NPC/Beast/Spark_Living/Animations/Damage/Death.blockyanim",
          "Looping": false,
          "SoundEventId": "SFX_Spark_Living_Death"
        }
      ]
    },
    "Laydown": {
      "Animations": [
        {
          "Animation": "NPC/Beast/Spark_Living/Animations/Default/Laydown.blockyanim",
          "Looping": false
        }
      ]
    },
    "Sleep": {
      "Animations": [
        {
          "Animation": "NPC/Beast/Spark_Living/Animations/Default/Sleep.blockyanim",
          "Looping": true
        }
      ]
    },
    "Wake": {
      "Animations": [
        {
          "Animation": "NPC/Beast/Spark_Living/Animations/Default/Wake.blockyanim",
          "Looping": false
        }
      ]
    },
    "IdlePassive": {
      "Animations": [
        {
          "Animation": "NPC/Beast/Spark_Living/Animations/Flavor/Look_Around.blockyanim"
        },
        {
          "Animation": "NPC/Beast/Spark_Living/Animations/Flavor/Look_Around2.blockyanim"
        },
        {
          "Animation": "NPC/Beast/Spark_Living/Animations/Flavor/Look_Around3.blockyanim"
        },
        {
          "Animation": "NPC/Beast/Spark_Living/Animations/Flavor/Look_Around4.blockyanim"
        }
      ],
      "NextAnimationDelay": {
        "Max": 0.5,
        "Min": 0.2
      }
    },
    "WalkPassive": {
      "Animations": [
        {
          "Animation": "NPC/Beast/Spark_Living/Animations/Flavor/Look_Around.blockyanim"
        },
        {
          "Animation": "NPC/Beast/Spark_Living/Animations/Flavor/Look_Around2.blockyanim"
        },
        {
          "Animation": "NPC/Beast/Spark_Living/Animations/Flavor/Look_Around3.blockyanim"
        },
        {
          "Animation": "NPC/Beast/Spark_Living/Animations/Flavor/Look_Around4.blockyanim"
        }
      ],
      "NextAnimationDelay": {
        "Max": 0.5,
        "Min": 0.2
      }
    },
    "WalkBackwardPassive": {
      "Animations": [
        {
          "Animation": "NPC/Beast/Spark_Living/Animations/Flavor/Look_Around.blockyanim"
        },
        {
          "Animation": "NPC/Beast/Spark_Living/Animations/Flavor/Look_Around2.blockyanim"
        },
        {
          "Animation": "NPC/Beast/Spark_Living/Animations/Flavor/Look_Around3.blockyanim"
        },
        {
          "Animation": "NPC/Beast/Spark_Living/Animations/Flavor/Look_Around4.blockyanim"
        }
      ],
      "NextAnimationDelay": {
        "Max": 0.5,
        "Min": 0.2
      }
    },
    "RunPassive": {
      "Animations": [
        {
          "Animation": "NPC/Beast/Spark_Living/Animations/Flavor/Look_Around.blockyanim"
        },
        {
          "Animation": "NPC/Beast/Spark_Living/Animations/Flavor/Look_Around2.blockyanim"
        },
        {
          "Animation": "NPC/Beast/Spark_Living/Animations/Flavor/Look_Around3.blockyanim"
        },
        {
          "Animation": "NPC/Beast/Spark_Living/Animations/Flavor/Look_Around4.blockyanim"
        }
      ],
      "NextAnimationDelay": {
        "Max": 0.5,
        "Min": 0.2
      }
    },
    "CrouchPassive": {
      "Animations": [
        {
          "Animation": "NPC/Beast/Spark_Living/Animations/Flavor/Look_Around.blockyanim"
        },
        {
          "Animation": "NPC/Beast/Spark_Living/Animations/Flavor/Look_Around2.blockyanim"
        },
        {
          "Animation": "NPC/Beast/Spark_Living/Animations/Flavor/Look_Around3.blockyanim"
        },
        {
          "Animation": "NPC/Beast/Spark_Living/Animations/Flavor/Look_Around4.blockyanim"
        }
      ],
      "NextAnimationDelay": {
        "Max": 0.5,
        "Min": 0.2
      }
    },
    "CrouchWalkPassive": {
      "Animations": [
        {
          "Animation": "NPC/Beast/Spark_Living/Animations/Flavor/Look_Around.blockyanim"
        },
        {
          "Animation": "NPC/Beast/Spark_Living/Animations/Flavor/Look_Around2.blockyanim"
        },
        {
          "Animation": "NPC/Beast/Spark_Living/Animations/Flavor/Look_Around3.blockyanim"
        },
        {
          "Animation": "NPC/Beast/Spark_Living/Animations/Flavor/Look_Around4.blockyanim"
        }
      ],
      "NextAnimationDelay": {
        "Max": 0.5,
        "Min": 0.2
      }
    },
    "CrouchWalkBackwardPassive": {
      "Animations": [
        {
          "Animation": "NPC/Beast/Spark_Living/Animations/Flavor/Look_Around.blockyanim"
        },
        {
          "Animation": "NPC/Beast/Spark_Living/Animations/Flavor/Look_Around2.blockyanim"
        },
        {
          "Animation": "NPC/Beast/Spark_Living/Animations/Flavor/Look_Around3.blockyanim"
        },
        {
          "Animation": "NPC/Beast/Spark_Living/Animations/Flavor/Look_Around4.blockyanim"
        }
      ],
      "NextAnimationDelay": {
        "Max": 0.5,
        "Min": 0.2
      }
    },
    "FlyIdlePassive": {
      "Animations": [
        {
          "Animation": "NPC/Beast/Spark_Living/Animations/Flavor/Look_Around.blockyanim"
        },
        {
          "Animation": "NPC/Beast/Spark_Living/Animations/Flavor/Look_Around2.blockyanim"
        },
        {
          "Animation": "NPC/Beast/Spark_Living/Animations/Flavor/Look_Around3.blockyanim"
        },
        {
          "Animation": "NPC/Beast/Spark_Living/Animations/Flavor/Look_Around4.blockyanim"
        }
      ],
      "NextAnimationDelay": {
        "Max": 0.5,
        "Min": 0.2
      }
    },
    "FlyPassive": {
      "Animations": [
        {
          "Animation": "NPC/Beast/Spark_Living/Animations/Flavor/Look_Around.blockyanim"
        },
        {
          "Animation": "NPC/Beast/Spark_Living/Animations/Flavor/Look_Around2.blockyanim"
        },
        {
          "Animation": "NPC/Beast/Spark_Living/Animations/Flavor/Look_Around3.blockyanim"
        },
        {
          "Animation": "NPC/Beast/Spark_Living/Animations/Flavor/Look_Around4.blockyanim"
        }
      ],
      "NextAnimationDelay": {
        "Max": 0.5,
        "Min": 0.2
      }
    },
    "FlyBackwardPassive": {
      "Animations": [
        {
          "Animation": "NPC/Beast/Spark_Living/Animations/Flavor/Look_Around.blockyanim"
        },
        {
          "Animation": "NPC/Beast/Spark_Living/Animations/Flavor/Look_Around2.blockyanim"
        },
        {
          "Animation": "NPC/Beast/Spark_Living/Animations/Flavor/Look_Around3.blockyanim"
        },
        {
          "Animation": "NPC/Beast/Spark_Living/Animations/Flavor/Look_Around4.blockyanim"
        }
      ],
      "NextAnimationDelay": {
        "Max": 0.5,
        "Min": 0.2
      }
    },
    "FlyFastPassive": {
      "Animations": [
        {
          "Animation": "NPC/Beast/Spark_Living/Animations/Flavor/Look_Around.blockyanim"
        },
        {
          "Animation": "NPC/Beast/Spark_Living/Animations/Flavor/Look_Around2.blockyanim"
        },
        {
          "Animation": "NPC/Beast/Spark_Living/Animations/Flavor/Look_Around3.blockyanim"
        },
        {
          "Animation": "NPC/Beast/Spark_Living/Animations/Flavor/Look_Around4.blockyanim"
        }
      ],
      "NextAnimationDelay": {
        "Max": 0.5,
        "Min": 0.2
      }
    },
    "SwimIdlePassive": {
      "Animations": [
        {
          "Animation": "NPC/Beast/Spark_Living/Animations/Flavor/Look_Around.blockyanim",
          "Speed": 0.8
        },
        {
          "Animation": "NPC/Beast/Spark_Living/Animations/Flavor/Look_Around2.blockyanim",
          "Speed": 0.8
        },
        {
          "Animation": "NPC/Beast/Spark_Living/Animations/Flavor/Look_Around3.blockyanim",
          "Speed": 0.8
        },
        {
          "Animation": "NPC/Beast/Spark_Living/Animations/Flavor/Look_Around4.blockyanim",
          "Speed": 0.8
        }
      ],
      "NextAnimationDelay": {
        "Max": 0.5,
        "Min": 0.2
      }
    },
    "SwimPassive": {
      "Animations": [
        {
          "Animation": "NPC/Beast/Spark_Living/Animations/Flavor/Look_Around.blockyanim",
          "Speed": 0.8
        },
        {
          "Animation": "NPC/Beast/Spark_Living/Animations/Flavor/Look_Around2.blockyanim",
          "Speed": 0.8
        },
        {
          "Animation": "NPC/Beast/Spark_Living/Animations/Flavor/Look_Around3.blockyanim",
          "Speed": 0.8
        },
        {
          "Animation": "NPC/Beast/Spark_Living/Animations/Flavor/Look_Around4.blockyanim",
          "Speed": 0.8
        }
      ],
      "NextAnimationDelay": {
        "Max": 0.5,
        "Min": 0.2
      }
    },
    "SwimBackwardPassive": {
      "Animations": [
        {
          "Animation": "NPC/Beast/Spark_Living/Animations/Flavor/Look_Around.blockyanim",
          "Speed": 0.8
        },
        {
          "Animation": "NPC/Beast/Spark_Living/Animations/Flavor/Look_Around2.blockyanim",
          "Speed": 0.8
        },
        {
          "Animation": "NPC/Beast/Spark_Living/Animations/Flavor/Look_Around3.blockyanim",
          "Speed": 0.8
        },
        {
          "Animation": "NPC/Beast/Spark_Living/Animations/Flavor/Look_Around4.blockyanim",
          "Speed": 0.8
        }
      ],
      "NextAnimationDelay": {
        "Max": 0.5,
        "Min": 0.2
      }
    },
    "SwimFastPassive": {
      "Animations": [
        {
          "Animation": "NPC/Beast/Spark_Living/Animations/Flavor/Look_Around.blockyanim",
          "Speed": 0.8
        },
        {
          "Animation": "NPC/Beast/Spark_Living/Animations/Flavor/Look_Around2.blockyanim",
          "Speed": 0.8
        },
        {
          "Animation": "NPC/Beast/Spark_Living/Animations/Flavor/Look_Around3.blockyanim",
          "Speed": 0.8
        },
        {
          "Animation": "NPC/Beast/Spark_Living/Animations/Flavor/Look_Around4.blockyanim",
          "Speed": 0.8
        }
      ],
      "NextAnimationDelay": {
        "Max": 0.5,
        "Min": 0.2
      }
    },
    "SwimSinkPassive": {
      "Animations": [
        {
          "Animation": "NPC/Beast/Spark_Living/Animations/Flavor/Look_Around.blockyanim",
          "Speed": 0.8
        },
        {
          "Animation": "NPC/Beast/Spark_Living/Animations/Flavor/Look_Around2.blockyanim",
          "Speed": 0.8
        },
        {
          "Animation": "NPC/Beast/Spark_Living/Animations/Flavor/Look_Around3.blockyanim",
          "Speed": 0.8
        },
        {
          "Animation": "NPC/Beast/Spark_Living/Animations/Flavor/Look_Around4.blockyanim",
          "Speed": 0.8
        }
      ],
      "NextAnimationDelay": {
        "Max": 0.5,
        "Min": 0.2
      }
    },
    "SwimDivePassive": {
      "Animations": [
        {
          "Animation": "NPC/Beast/Spark_Living/Animations/Flavor/Look_Around.blockyanim",
          "Speed": 0.8
        },
        {
          "Animation": "NPC/Beast/Spark_Living/Animations/Flavor/Look_Around2.blockyanim",
          "Speed": 0.8
        },
        {
          "Animation": "NPC/Beast/Spark_Living/Animations/Flavor/Look_Around3.blockyanim",
          "Speed": 0.8
        },
        {
          "Animation": "NPC/Beast/Spark_Living/Animations/Flavor/Look_Around4.blockyanim",
          "Speed": 0.8
        }
      ],
      "NextAnimationDelay": {
        "Max": 0.5,
        "Min": 0.2
      }
    },
    "SwimDiveBackwardPassive": {
      "Animations": [
        {
          "Animation": "NPC/Beast/Spark_Living/Animations/Flavor/Look_Around.blockyanim",
          "Speed": 0.8
        },
        {
          "Animation": "NPC/Beast/Spark_Living/Animations/Flavor/Look_Around2.blockyanim",
          "Speed": 0.8
        },
        {
          "Animation": "NPC/Beast/Spark_Living/Animations/Flavor/Look_Around3.blockyanim",
          "Speed": 0.8
        },
        {
          "Animation": "NPC/Beast/Spark_Living/Animations/Flavor/Look_Around4.blockyanim",
          "Speed": 0.8
        }
      ],
      "NextAnimationDelay": {
        "Max": 0.5,
        "Min": 0.2
      }
    },
    "FluidIdlePassive": {
      "Animations": [
        {
          "Animation": "NPC/Beast/Spark_Living/Animations/Flavor/Look_Around.blockyanim",
          "Speed": 0.6
        },
        {
          "Animation": "NPC/Beast/Spark_Living/Animations/Flavor/Look_Around2.blockyanim",
          "Speed": 0.6
        },
        {
          "Animation": "NPC/Beast/Spark_Living/Animations/Flavor/Look_Around3.blockyanim",
          "Speed": 0.6
        },
        {
          "Animation": "NPC/Beast/Spark_Living/Animations/Flavor/Look_Around4.blockyanim",
          "Speed": 0.6
        }
      ],
      "NextAnimationDelay": {
        "Max": 0.5,
        "Min": 0.2
      }
    },
    "FluidWalkPassive": {
      "Animations": [
        {
          "Animation": "NPC/Beast/Spark_Living/Animations/Flavor/Look_Around.blockyanim",
          "Speed": 0.6
        },
        {
          "Animation": "NPC/Beast/Spark_Living/Animations/Flavor/Look_Around2.blockyanim",
          "Speed": 0.6
        },
        {
          "Animation": "NPC/Beast/Spark_Living/Animations/Flavor/Look_Around3.blockyanim",
          "Speed": 0.6
        },
        {
          "Animation": "NPC/Beast/Spark_Living/Animations/Flavor/Look_Around4.blockyanim",
          "Speed": 0.6
        }
      ],
      "NextAnimationDelay": {
        "Max": 0.5,
        "Min": 0.2
      }
    },
    "FluidWalkBackwardPassive": {
      "Animations": [
        {
          "Animation": "NPC/Beast/Spark_Living/Animations/Flavor/Look_Around.blockyanim",
          "Speed": 0.6
        },
        {
          "Animation": "NPC/Beast/Spark_Living/Animations/Flavor/Look_Around2.blockyanim",
          "Speed": 0.6
        },
        {
          "Animation": "NPC/Beast/Spark_Living/Animations/Flavor/Look_Around3.blockyanim",
          "Speed": 0.6
        },
        {
          "Animation": "NPC/Beast/Spark_Living/Animations/Flavor/Look_Around4.blockyanim",
          "Speed": 0.6
        }
      ],
      "NextAnimationDelay": {
        "Max": 0.5,
        "Min": 0.2
      }
    },
    "FluidRunPassive": {
      "Animations": [
        {
          "Animation": "NPC/Beast/Spark_Living/Animations/Flavor/Look_Around.blockyanim",
          "Speed": 0.6
        },
        {
          "Animation": "NPC/Beast/Spark_Living/Animations/Flavor/Look_Around2.blockyanim",
          "Speed": 0.6
        },
        {
          "Animation": "NPC/Beast/Spark_Living/Animations/Flavor/Look_Around3.blockyanim",
          "Speed": 0.6
        },
        {
          "Animation": "NPC/Beast/Spark_Living/Animations/Flavor/Look_Around4.blockyanim",
          "Speed": 0.6
        }
      ],
      "NextAnimationDelay": {
        "Max": 0.5,
        "Min": 0.2
      }
    },
    "SwimFloatPassive": {
      "Animations": [
        {
          "Animation": "NPC/Beast/Spark_Living/Animations/Flavor/Look_Around.blockyanim",
          "Speed": 0.8
        },
        {
          "Animation": "NPC/Beast/Spark_Living/Animations/Flavor/Look_Around2.blockyanim",
          "Speed": 0.8
        },
        {
          "Animation": "NPC/Beast/Spark_Living/Animations/Flavor/Look_Around3.blockyanim",
          "Speed": 0.8
        },
        {
          "Animation": "NPC/Beast/Spark_Living/Animations/Flavor/Look_Around4.blockyanim",
          "Speed": 0.8
        }
      ],
      "NextAnimationDelay": {
        "Max": 0.5,
        "Min": 0.2
      }
    }
  },
  "Particles": [
    {
      "SystemId": "Fire_Green",
      "TargetNodeName": "FlameBody"
    }
  ],
  "Model": "NPC/models/Model.blockymodel",
  "Texture": "NPC/models/Metal_Spark.png"
}
