{
  "TranslationProperties": {
    "Name": "Blue Vertical Metal"
  },
  "Icon": "Icons/ItemsGenerated/Blue_Metal_Vertical.png",
  "Categories": [
    "Blocks.Rocks"
  ],
  "PlayerAnimationsId": "Block",
  "BlockType": {
    "Material": "Solid",
    "DrawType": "Cube",
    "Group": "Stone",
    "Flags": {},
    "Gathering": {
      "Breaking": {
        "GatherType": "Rocks",
        "ItemId": "Red_Metal_Block"
      }
    },
    "BlockParticleSetId": "Metal",
    "Textures": [
      {
        "All": "BlockTextures/Blue_Vertical_Metal.png",
        "Weight": 1
      }
    ],
    "ParticleColor": "#020f7c",
    "BlockSoundSetId": "Metal",
    "VariantRotation": "NESW"
  },
  "ResourceTypes": [
    {
      "Id": "Rock"
    },
    {
      "Id": "Rock_Chalk"
    }
  ],
  "Tags": {
    "Type": [
      "Rock"
    ]
  },
  "ItemSoundSetId": "ISS_Items_Metal",
  "IconProperties": {
    "Scale": 0.58823,
    "Rotation": [
      22.5,
      45,
      22.5
    ],
    "Translation": [
      0,
      -13.5
    ]
  },
  "Recipe": {
    "BenchRequirement": [
      {
        "Type": "StructuralCrafting",
        "Id": "Builders"
      }
    ],
    "Input": [
      {
        "ItemId": "",
        "Quantity": 1,
        "ResourceTypeId": "Blue_Metal_Block"
      }
    ]
  }
}
