{
  "TranslationProperties": {
    "Name": "Green Rusted Metal Half"
  },
  "Icon": "Icons/ItemsGenerated/Green_Rusted_Metal_Half.png",
  "Recipe": {
    "Input": [
      {
        "Quantity": 1,
        "ResourceTypeId": "Green_Metal_Block"
      }
    ],
    "BenchRequirement": [
      {
        "Id": "Builders",
        "Type": "StructuralCrafting",
        "Categories": [
          "HalfSlab"
        ]
      }
    ],
    "OutputQuantity": 2,
    "TimeSeconds": 0
  },
  "Parent": "Rock_Stone_Brick_Half",
  "BlockType": {
    "CustomModelTexture": [
      {
        "Texture": "BlockTextures/Green_Rusted_Metal_Block.png",
        "Weight": 1
      }
    ],
    "ParticleColor": "#0c5b05",
    "BlockSoundSetId": "Metal"
  },
  "IconProperties": {
    "Scale": 0.58823,
    "Rotation": [
      22.5,
      45,
      22.5
    ],
    "Translation": [
      0,
      -13.5
    ]
  },
  "ItemSoundSetId": "ISS_Items_Metal"
}
