{
  "TranslationProperties": {
    "Name": "Grey Metal Stairs"
  },
  "ItemLevel": 15,
  "MaxStack": 100,
  "Icon": "Icons/ItemsGenerated/Grey_Metal_Stairs.png",
  "Categories": [
    "Blocks.Rocks"
  ],
  "FuelQuality": 6.0,
  "PlayerAnimationsId": "Item",
  "Interactions": {
    "Primary": "Block_Primary",
    "Secondary": "Block_Secondary"
  },
  "Set": "Wood_Softwood_Planks",
  "Recipe": {
    "Input": [
      {
        "ResourceTypeId": "Grey_Metal_Block",
        "Quantity": 1
      }
    ],
    "BenchRequirement": [
      {
        "Id": "Builders",
        "Type": "StructuralCrafting",
        "Categories": [
          "Stairs"
        ]
      }
    ],
    "OutputQuantity": 1,
    "TimeSeconds": 0
  },
  "BlockType": {
    "Material": "Solid",
    "DrawType": "Model",
    "Opacity": "Transparent",
    "CustomModel": "Blocks/Structures/Stairs/Stairs.blockymodel",
    "CustomModelTexture": [
      {
        "Texture": "BlockTextures/Grey_Metal_Stairs.png",
        "Weight": 1
      }
    ],
    "Group": "Wood",
    "HitboxType": "Stairs",
    "Flags": {},
    "Gathering": {
      "Breaking": {
        "GatherType": "Woods",
        "ItemId": "Red_Metal_Stairs"
      }
    },
    "VariantRotation": "UpDownNESW",
    "BlockParticleSetId": "Wood",
    "Supporting": {
      "Down": [
        {}
      ],
      "North": [
        {}
      ]
    },
    "ParticleColor": "#626262",
    "BlockSoundSetId": "Metal",
    "State": {
      "Definitions": {
        "Corner_Right": {
          "CustomModel": "Blocks/Structures/Stairs/Stairs_Corner_Right.blockymodel",
          "HitboxType": "Stairs_Corner_Right",
          "FlipType": "Orthogonal",
          "Supporting": {
            "Down": [
              {}
            ]
          }
        },
        "Inverted_Corner_Right": {
          "CustomModel": "Blocks/Structures/Stairs/Stairs_Inverted_Corner_Right.blockymodel",
          "HitboxType": "Stairs_Inverted_Corner_Right",
          "FlipType": "Orthogonal",
          "Supporting": {
            "Down": [
              {}
            ],
            "North": [
              {}
            ],
            "East": [
              {}
            ]
          }
        },
        "Corner_Left": {
          "CustomModel": "Blocks/Structures/Stairs/Stairs_Corner_Left.blockymodel",
          "HitboxType": "Stairs_Corner_Left",
          "FlipType": "Orthogonal",
          "Supporting": {
            "Down": [
              {}
            ]
          }
        },
        "Inverted_Corner_Left": {
          "CustomModel": "Blocks/Structures/Stairs/Stairs_Inverted_Corner_Left.blockymodel",
          "HitboxType": "Stairs_Inverted_Corner_Left",
          "FlipType": "Orthogonal",
          "Supporting": {
            "Down": [
              {}
            ],
            "North": [
              {}
            ],
            "West": [
              {}
            ]
          }
        }
      }
    },
    "PlacementSettings": {
      "RotationMode": "StairFacingPlayer"
    },
    "ConnectedBlockRuleSet": {
      "Type": "Stair",
      "Corner_Left": {
        "State": "Corner_Left"
      },
      "Corner_Right": {
        "State": "Corner_Right"
      },
      "Inverted_Corner_Left": {
        "State": "Inverted_Corner_Left"
      },
      "Inverted_Corner_Right": {
        "State": "Inverted_Corner_Right"
      },
      "Straight": {
        "State": "default"
      }
    }
  },
  "ResourceTypes": [
    {
      "Id": "Fuel"
    },
    {
      "Id": "Charcoal"
    }
  ],
  "Tags": {
    "Type": [
      "Wood"
    ]
  },
  "ItemSoundSetId": "ISS_Items_Metal",
  "IconProperties": {
    "Scale": 0.58823,
    "Rotation": [
      22.5,
      45,
      22.5
    ],
    "Translation": [
      0,
      -13.5
    ]
  }
}
