{
  "TranslationProperties": {
    "Name": "Metal Workbench",
    "Description": "server.items.Bench_Arcane.description"
  },
  "Icon": "Icons/ItemsGenerated/Metal_Workbench.png",
  "Categories": [
    "Furniture.Benches"
  ],
  "Recipe": {
    "TimeSeconds": 3,
    "Input": [
      {
        "ItemId": "Ingredient_Bar_Copper",
        "Quantity": 5
      }
    ],
    "BenchRequirement": [
      {
        "Id": "Workbench",
        "Type": "Crafting",
        "Categories": [
          "Workbench_Crafting"
        ],
        "RequiredTierLevel": 1
      }
    ]
  },
  "BlockType": {
    "Material": "Solid",
    "DrawType": "Model",
    "Opacity": "Transparent",
    "CustomModel": "Blocks/Decorative_Sets/Ancient/Chest.blockymodel",
    "CustomModelTexture": [
      {
        "Texture": "BlockTextures/Garbage_Can_Dirty.png",
        "Weight": 1
      }
    ],
    "HitboxType": "Bench_Alchemy",
    "VariantRotation": "NESW",
    "Bench": {
      "Type": "Crafting",
      "LocalOpenSoundEventId": "SFX_Arcane_Workbench_Open_Local",
      "LocalCloseSoundEventId": "SFX_Arcane_Workbench_Close_Local",
      "CompletedSoundEventId": "SFX_Arcane_Workbench_Craft",
      "Categories": [
        {
          "Id": "Machines",
          "Icon": "Icons/CraftingCategories/Arcane/Portal_Device.png",
          "Name": "server.benchCategories.portals"
        }
      ],
      "Id": "Machines_Workbench"
    },
    "State": {
      "Id": "crafting",
      "Definitions": {
        "CraftCompleted": {
          "CustomModelAnimation": "Blocks/Benches/Alchemy_Crafting.blockyanim",
          "Looping": true
        },
        "CraftCompletedInstant": {
          "CustomModelAnimation": "Blocks/Benches/Alchemy_Crafting.blockyanim"
        }
      }
    },
    "Gathering": {
      "Breaking": {
        "GatherType": "Benches"
      }
    },
    "BlockParticleSetId": "Wood",
    "ParticleColor": "#6e4a2f",
    "Support": {
      "Down": [
        {
          "FaceType": "Full"
        }
      ]
    },
    "BlockSoundSetId": "Stone"
  },
  "PlayerAnimationsId": "Block",
  "IconProperties": {
    "Scale": 0.35,
    "Rotation": [
      22.5,
      45,
      22.5
    ],
    "Translation": [
      11.4,
      -18.6
    ]
  },
  "Tags": {
    "Type": [
      "Bench"
    ]
  },
  "MaxStack": 1,
  "ItemLevel": 10,
  "ItemSoundSetId": "ISS_Items_Metal"
}
