{
  "TranslationProperties": {
    "Name": "Portal Key Metal",
    "Description": "server.items.PortalKey_Hederas_Lair.description"
  },
  "Icon": "Icons/ItemsGenerated/PortalKey_Metal.png",
  "Categories": [
    "Blocks.Portals"
  ],
  "PortalKey": {
    "PortalType": "Metal",
    "TimeLimitSeconds": 300
  },
  "BlockType": {
    "DrawType": "Model",
    "Material": "Solid",
    "Opacity": "Transparent",
    "CustomModel": "Blocks/Miscellaneous/Portal_Shard.blockymodel",
    "CustomModelTexture": [
      {
        "Texture": "Blocks/Miscellaneous/Portal_Shard_Texture.png",
        "Weight": 1
      }
    ]
  },
  "Recipe": {
    "TimeSeconds": 1,
    "KnowledgeRequired": false,
    "Input": [
      {
        "ItemId": "Ingredient_Bar_Copper",
        "Quantity": 10
      }
    ],
    "BenchRequirement": [
      {
        "Id": "Arcanebench",
        "Type": "Crafting",
        "Categories": [
          "Arcane_Portals"
        ]
      },
      {
        "Id": "Machines_Workbench",
        "Categories": [
          "Arcane_Portals"
        ]
      }
    ],
    "RequiredMemoriesLevel": 1
  },
  "PlayerAnimationsId": "Item",
  "Tags": {
    "Type": [
      "Portal",
      "Temporary"
    ]
  },
  "Quality": "Uncommon",
  "ItemLevel": 51,
  "IconProperties": {
    "Scale": 1.4,
    "Rotation": [
      22.5,
      137,
      22.5
    ],
    "Translation": [
      0,
      1
    ]
  }
}
