{
  "TranslationProperties": {
    "Name": "Rebar"
  },
  "Icon": "Icons/ItemsGenerated/Rebar.png",
  "Categories": [
    "Blocks.Deco"
  ],
  "Set": "Deco_Iron",
  "Recipe": {
    "Input": [
      {
        "ItemId": "Ingredient_Machine_Essence",
        "Quantity": 1
      }
    ],
    "OutputQuantity": 2,
    "BenchRequirement": [
      {
        "Type": "Crafting",
        "Id": "Machines_Workbench",
        "Categories": [
          "Machines"
        ]
      }
    ]
  },
  "BlockType": {
    "Material": "Solid",
    "DrawType": "Model",
    "Opacity": "Transparent",
    "CustomModel": "Blocks/Tinkering/Iron_Chain_Small.blockymodel",
    "CustomModelTexture": [
      {
        "Texture": "BlockTextures/Rebar.png",
        "Weight": 1
      }
    ],
    "HitboxType": "Beam_Thin",
    "Flags": {},
    "Gathering": {
      "Breaking": {
        "GatherType": "Rocks"
      }
    },
    "VariantRotation": "Pipe",
    "BlockParticleSetId": "Metal",
    "MovementSettings": {
      "IsClimbable": true
    },
    "ParticleColor": "#383838",
    "BlockSoundSetId": "Metal"
  },
  "PlayerAnimationsId": "Block",
  "Tags": {
    "Type": [
      "Deco"
    ],
    "Family": [
      "Iron"
    ]
  },
  "ItemSoundSetId": "ISS_Items_Metal",
  "IconProperties": {
    "Scale": 0.58823,
    "Rotation": [
      22.5,
      45,
      22.5
    ],
    "Translation": [
      0,
      -13.5
    ]
  }
}
