{
  "TranslationProperties": {
    "Name": "Red Brick"
  },
  "ItemLevel": 15,
  "MaxStack": 100,
  "Icon": "Icons/ItemsGenerated/Red_Brick.png",
  "Categories": [
    "Blocks.Rocks"
  ],
  "PlayerAnimationsId": "Block",
  "Set": "Rock_Stone_Brick",
  "Recipe": {
    "Input": [
      {
        "ResourceTypeId": "",
        "Quantity": 2,
        "ItemId": "Ingredient_Machine_Essence"
      }
    ],
    "BenchRequirement": [
      {
        "Id": "Machines_Workbench",
        "Type": "Crafting",
        "Categories": [
          "Machines"
        ]
      }
    ],
    "OutputQuantity": 1,
    "TimeSeconds": 0,
    "Output": [
      {
        "ItemId": "Red_Brick"
      }
    ]
  },
  "BlockType": {
    "Material": "Solid",
    "DrawType": "Cube",
    "Group": "Stone",
    "Flags": {},
    "Gathering": {
      "Breaking": {
        "GatherType": "Rocks"
      }
    },
    "BlockParticleSetId": "Stone",
    "Textures": [
      {
        "All": "BlockTextures/Red_Brick.png",
        "Weight": 1
      }
    ],
    "ParticleColor": "#7b4848",
    "BlockSoundSetId": "Stone"
  },
  "ResourceTypes": [
    {
      "Id": "Bricks"
    },
    {
      "Id": "Rock_Stone_Brick"
    }
  ],
  "Tags": {
    "Type": [
      "Rock"
    ],
    "Family": [
      "Stone"
    ]
  },
  "ItemSoundSetId": "ISS_Blocks_Stone",
  "IconProperties": {
    "Scale": 0.58823,
    "Rotation": [
      22.5,
      45,
      22.5
    ],
    "Translation": [
      0,
      -13.5
    ]
  }
}
