{
  "TranslationProperties": {
    "Name": "Red Brick Rubble Medium"
  },
  "Parent": "Rubble_Stone",
  "InteractionVars": {
    "Item_Throw_Projectile": {
      "Interactions": [
        {
          "Parent": "Item_Throw_Projectile",
          "ProjectileId": "Rubble_Aqua"
        }
      ]
    }
  },
  "BlockType": {
    "CustomModel": "Blocks/Stone/Rubble_Medium.blockymodel",
    "CustomModelTexture": [
      {
        "Texture": "BlockTextures/Red_Brick.png",
        "Weight": 1
      }
    ],
    "Gathering": {
      "Soft": {
        "ItemId": "Rubble_Aqua"
      },
      "Harvest": {
        "ItemId": "Rubble_Aqua"
      }
    },
    "ParticleColor": "#1a4e49"
  },
  "Icon": "Icons/ItemsGenerated/Rubble_Red_Brick_Medium.png",
  "DropOnDeath": true,
  "IconProperties": {
    "Scale": 0.58823,
    "Rotation": [
      22.5,
      45,
      22.5
    ],
    "Translation": [
      0,
      -13.5
    ]
  },
  "Recipe": {
    "Input": [
      {
        "ItemId": "Ingredient_Machine_Essence"
      }
    ],
    "Output": [
      {
        "ItemId": "Rubble_Red_Brick_Medium"
      }
    ],
    "BenchRequirement": [
      {
        "Type": "Crafting",
        "Id": "Machines_Workbench",
        "Categories": [
          "Machines"
        ]
      }
    ]
  }
}
