{
  "Stars": "Sky/NortherLights.png",
  "Tags": {
    "Zone1": [
      "Swamp",
      "Foggy"
    ]
  },
  "Moons": [
    {
      "Day": 0,
      "Texture": "Sky/MoonCycle/Moon_Full.png"
    },
    {
      "Day": 1,
      "Texture": "Sky/MoonCycle/Moon_Gibbous.png"
    },
    {
      "Day": 2,
      "Texture": "Sky/MoonCycle/Moon_Half.png"
    },
    {
      "Day": 3,
      "Texture": "Sky/MoonCycle/Moon_Crescent.png"
    },
    {
      "Day": 4,
      "Texture": "Sky/MoonCycle/Moon_New.png"
    }
  ],
  "Clouds": [
    {
      "Texture": "Sky/Clouds/Twirled.png",
      "Colors": [
        {
          "Hour": 3,
          "Color": "#3a4626ff"
        },
        {
          "Hour": 5,
          "Color": "#c9de8eff"
        },
        {
          "Hour": 7,
          "Color": "#cedbbaff"
        },
        {
          "Hour": 17,
          "Color": "#cedbbaff"
        },
        {
          "Hour": 19,
          "Color": "#dbeb69ff"
        },
        {
          "Hour": 21,
          "Color": "#3a4626ff"
        }
      ],
      "Speeds": [
        {
          "Hour": 0,
          "Value": 1
        }
      ]
    },
    {
      "Texture": "Sky/Clouds/Scars.png",
      "Colors": [
        {
          "Hour": 3,
          "Color": "#3a4626ff"
        },
        {
          "Hour": 5,
          "Color": "#c9de8eff"
        },
        {
          "Hour": 7,
          "Color": "#cedbbaff"
        },
        {
          "Hour": 17,
          "Color": "#cedbbaff"
        },
        {
          "Hour": 19,
          "Color": "#dbeb69ff"
        },
        {
          "Hour": 21,
          "Color": "#3a4626ff"
        }
      ],
      "Speeds": [
        {
          "Hour": 0,
          "Value": 1
        }
      ]
    }
  ],
  "SkyTopColors": [
    {
      "Hour": 3,
      "Color": "#12290de0"
    },
    {
      "Hour": 5,
      "Color": "rgba(#4a6b5c, 1)"
    },
    {
      "Hour": 7,
      "Color": "#a7bc9eff"
    },
    {
      "Hour": 17,
      "Color": "#a7bc9eff"
    },
    {
      "Hour": 19,
      "Color": "#465830ff"
    },
    {
      "Hour": 21,
      "Color": "#1a2510d1"
    }
  ],
  "SkySunsetColors": [
    {
      "Hour": 3,
      "Color": "#a9e32c00"
    },
    {
      "Hour": 5,
      "Color": "#fcf28cce"
    },
    {
      "Hour": 7,
      "Color": "#52e46d00"
    },
    {
      "Hour": 17,
      "Color": "#52e46d00"
    },
    {
      "Hour": 19,
      "Color": "rgba(#fcf28c, 1)"
    },
    {
      "Hour": 21,
      "Color": "#a9e32c00"
    }
  ],
  "FogColors": [
    {
      "Hour": 3,
      "Color": "#1b240a"
    },
    {
      "Hour": 5,
      "Color": "#b8bf92"
    },
    {
      "Hour": 19,
      "Color": "#b8bf92"
    },
    {
      "Hour": 21,
      "Color": "#1b240a"
    },
    {
      "Hour": 7,
      "Color": "#87a9a5"
    },
    {
      "Hour": 17,
      "Color": "#87a98a"
    }
  ],
  "SunScales": [
    {
      "Hour": 0,
      "Value": 0.7
    },
    {
      "Hour": 1,
      "Value": 0.7
    },
    {
      "Hour": 2,
      "Value": 0.7
    },
    {
      "Hour": 3,
      "Value": 0.7
    },
    {
      "Hour": 4,
      "Value": 0.7
    },
    {
      "Hour": 5,
      "Value": 0.7
    },
    {
      "Hour": 6,
      "Value": 0.7
    },
    {
      "Hour": 7,
      "Value": 0.7
    },
    {
      "Hour": 8,
      "Value": 0.7
    },
    {
      "Hour": 9,
      "Value": 0.7
    },
    {
      "Hour": 10,
      "Value": 0.7
    },
    {
      "Hour": 11,
      "Value": 0.7
    },
    {
      "Hour": 12,
      "Value": 0.7
    },
    {
      "Hour": 13,
      "Value": 0.7
    },
    {
      "Hour": 14,
      "Value": 0.7
    },
    {
      "Hour": 15,
      "Value": 0.7
    },
    {
      "Hour": 16,
      "Value": 0.7
    },
    {
      "Hour": 17,
      "Value": 0.7
    },
    {
      "Hour": 18,
      "Value": 0.7
    },
    {
      "Hour": 19,
      "Value": 0.7
    },
    {
      "Hour": 20,
      "Value": 0.7
    },
    {
      "Hour": 21,
      "Value": 0.7
    },
    {
      "Hour": 22,
      "Value": 0.7
    },
    {
      "Hour": 23,
      "Value": 0.7
    }
  ],
  "MoonScales": [
    {
      "Hour": 0,
      "Value": 1.3
    },
    {
      "Hour": 1,
      "Value": 1.3
    },
    {
      "Hour": 2,
      "Value": 1.3
    },
    {
      "Hour": 3,
      "Value": 1.3
    },
    {
      "Hour": 4,
      "Value": 1.3
    },
    {
      "Hour": 5,
      "Value": 1.3
    },
    {
      "Hour": 6,
      "Value": 1.3
    },
    {
      "Hour": 7,
      "Value": 1.3
    },
    {
      "Hour": 8,
      "Value": 1.3
    },
    {
      "Hour": 9,
      "Value": 1.3
    },
    {
      "Hour": 10,
      "Value": 1.3
    },
    {
      "Hour": 11,
      "Value": 1.3
    },
    {
      "Hour": 12,
      "Value": 1.3
    },
    {
      "Hour": 13,
      "Value": 1.3
    },
    {
      "Hour": 14,
      "Value": 1.3
    },
    {
      "Hour": 15,
      "Value": 1.3
    },
    {
      "Hour": 16,
      "Value": 1.3
    },
    {
      "Hour": 17,
      "Value": 1.3
    },
    {
      "Hour": 18,
      "Value": 1.3
    },
    {
      "Hour": 19,
      "Value": 1.3
    },
    {
      "Hour": 20,
      "Value": 1.3
    },
    {
      "Hour": 21,
      "Value": 1.3
    },
    {
      "Hour": 22,
      "Value": 1.3
    },
    {
      "Hour": 23,
      "Value": 1.3
    }
  ],
  "MoonGlowColors": [
    {
      "Hour": 5,
      "Color": "#bed4bca8"
    },
    {
      "Hour": 3,
      "Color": "#edededa8"
    },
    {
      "Hour": 19,
      "Color": "#ced4bc52"
    },
    {
      "Hour": 21,
      "Color": "#dee0b25e"
    }
  ],
  "MoonColors": [
    {
      "Hour": 5,
      "Color": "#d9f9a9ff"
    },
    {
      "Hour": 3,
      "Color": "#e0f7e1ff"
    },
    {
      "Hour": 19,
      "Color": "#e0f7e1ff"
    },
    {
      "Hour": 17,
      "Color": "#d9f9a9ff"
    }
  ],
  "SunlightColors": [
    {
      "Hour": 5,
      "Color": "#a6aaa8"
    },
    {
      "Hour": 19,
      "Color": "#a6aaa8"
    },
    {
      "Hour": 7,
      "Color": "#ffffff"
    },
    {
      "Hour": 17,
      "Color": "#ffffff"
    }
  ],
  "SunGlowColors": [
    {
      "Hour": 7,
      "Color": "#e7ffc2cd"
    }
  ],
  "FogDensities": [
    {
      "Hour": 0,
      "Value": 0.95
    },
    {
      "Hour": 1,
      "Value": 0.95
    },
    {
      "Hour": 2,
      "Value": 0.95
    },
    {
      "Hour": 3,
      "Value": 0.95
    },
    {
      "Hour": 4,
      "Value": 0.95
    },
    {
      "Hour": 5,
      "Value": 0.95
    },
    {
      "Hour": 6,
      "Value": 0.95
    },
    {
      "Hour": 7,
      "Value": 0.95
    },
    {
      "Hour": 8,
      "Value": 0.95
    },
    {
      "Hour": 9,
      "Value": 0.95
    },
    {
      "Hour": 10,
      "Value": 0.95
    },
    {
      "Hour": 11,
      "Value": 0.95
    },
    {
      "Hour": 12,
      "Value": 0.95
    },
    {
      "Hour": 13,
      "Value": 0.95
    },
    {
      "Hour": 14,
      "Value": 0.95
    },
    {
      "Hour": 15,
      "Value": 0.95
    },
    {
      "Hour": 16,
      "Value": 0.95
    },
    {
      "Hour": 17,
      "Value": 0.95
    },
    {
      "Hour": 18,
      "Value": 0.95
    },
    {
      "Hour": 19,
      "Value": 0.95
    },
    {
      "Hour": 20,
      "Value": 0.95
    },
    {
      "Hour": 21,
      "Value": 0.95
    },
    {
      "Hour": 22,
      "Value": 0.95
    },
    {
      "Hour": 23,
      "Value": 0.95
    }
  ],
  "FogHeightFalloffs": [
    {
      "Hour": 0,
      "Value": 10
    },
    {
      "Hour": 1,
      "Value": 10
    },
    {
      "Hour": 2,
      "Value": 10
    },
    {
      "Hour": 3,
      "Value": 10
    },
    {
      "Hour": 4,
      "Value": 10
    },
    {
      "Hour": 5,
      "Value": 10
    },
    {
      "Hour": 6,
      "Value": 10
    },
    {
      "Hour": 7,
      "Value": 10
    },
    {
      "Hour": 8,
      "Value": 10
    },
    {
      "Hour": 9,
      "Value": 10
    },
    {
      "Hour": 10,
      "Value": 10
    },
    {
      "Hour": 11,
      "Value": 10
    },
    {
      "Hour": 12,
      "Value": 10
    },
    {
      "Hour": 13,
      "Value": 10
    },
    {
      "Hour": 14,
      "Value": 10
    },
    {
      "Hour": 15,
      "Value": 10
    },
    {
      "Hour": 16,
      "Value": 10
    },
    {
      "Hour": 17,
      "Value": 10
    },
    {
      "Hour": 18,
      "Value": 10
    },
    {
      "Hour": 19,
      "Value": 10
    },
    {
      "Hour": 20,
      "Value": 10
    },
    {
      "Hour": 21,
      "Value": 10
    },
    {
      "Hour": 22,
      "Value": 10
    },
    {
      "Hour": 23,
      "Value": 10
    }
  ],
  "FogDistance": [
    -50,
    50
  ],
  "ScreenEffectColors": [
    {
      "Hour": 0,
      "Color": "#000000ff"
    },
    {
      "Hour": 1,
      "Color": "#000000ff"
    },
    {
      "Hour": 2,
      "Color": "#000000ff"
    },
    {
      "Hour": 3,
      "Color": "#000000ff"
    },
    {
      "Hour": 4,
      "Color": "#000000ff"
    },
    {
      "Hour": 5,
      "Color": "#000000ff"
    },
    {
      "Hour": 6,
      "Color": "#000000ff"
    },
    {
      "Hour": 7,
      "Color": "#000000ff"
    },
    {
      "Hour": 8,
      "Color": "#000000ff"
    },
    {
      "Hour": 9,
      "Color": "#000000ff"
    },
    {
      "Hour": 10,
      "Color": "#000000ff"
    },
    {
      "Hour": 11,
      "Color": "#000000ff"
    },
    {
      "Hour": 12,
      "Color": "#000000ff"
    },
    {
      "Hour": 13,
      "Color": "#000000ff"
    },
    {
      "Hour": 14,
      "Color": "#000000ff"
    },
    {
      "Hour": 15,
      "Color": "#000000ff"
    },
    {
      "Hour": 16,
      "Color": "#000000ff"
    },
    {
      "Hour": 17,
      "Color": "#000000ff"
    },
    {
      "Hour": 18,
      "Color": "#000000ff"
    },
    {
      "Hour": 19,
      "Color": "#000000ff"
    },
    {
      "Hour": 20,
      "Color": "#000000ff"
    },
    {
      "Hour": 21,
      "Color": "#000000ff"
    },
    {
      "Hour": 22,
      "Color": "#000000ff"
    },
    {
      "Hour": 23,
      "Color": "#000000ff"
    }
  ]
}
