{
  "Container": {
    "Type": "Multiple",
    "Containers": [
      {
        "Type": "Choice",
        "Weight": 100,
        "Containers": [
          {
            "Type": "Single",
            "Item": {
              "ItemId": "Weapon_Club_Zombie_Leg",
              "QuantityMin": 1,
              "QuantityMax": 2
            }
          }
        ]
      },
      {
        "Type": "Choice",
        "Weight": 100,
        "Containers": [
          {
            "Type": "Single",
            "Item": {
              "ItemId": "Weapon_Club_Zombie_Arm",
              "QuantityMin": 1,
              "QuantityMax": 2
            }
          }
        ]
      },
      {
        "Type": "Choice",
        "Weight": 100,
        "Containers": [
          {
            "Type": "Single",
            "Item": {
              "ItemId": "Ingredient_Machine_Essence",
              "QuantityMin": 1,
              "QuantityMax": 1
            }
          }
        ]
      },
      {
        "Type": "Choice",
        "Weight": 100,
        "Containers": [
          {
            "Type": "Single",
            "Item": {
              "ItemId": "Grey_Metal_Block",
              "QuantityMin": 1,
              "QuantityMax": 2
            }
          }
        ]
      },
      {
        "Type": "Choice",
        "Weight": 100,
        "Containers": [
          {
            "Type": "Single",
            "Item": {
              "ItemId": "Blue_Metal_Block",
              "QuantityMin": 1,
              "QuantityMax": 2
            }
          }
        ]
      },
      {
        "Type": "Choice",
        "Weight": 50,
        "Containers": [
          {
            "Type": "Single",
            "Item": {
              "ItemId": "Potion_Health_Large",
              "QuantityMin": 0,
              "QuantityMax": 2
            }
          }
        ]
      },
      {
        "Type": "Choice",
        "Weight": 50,
        "Containers": [
          {
            "Type": "Single",
            "Item": {
              "ItemId": "Potion_Mana_Large",
              "QuantityMin": 0,
              "QuantityMax": 2
            }
          }
        ]
      },
      {
        "Type": "Choice",
        "Weight": 10,
        "Containers": [
          {
            "Type": "Single",
            "Item": {
              "ItemId": "Armor_Mithril_Legs",
              "QuantityMin": 0,
              "QuantityMax": 1
            }
          }
        ]
      },
      {
        "Type": "Choice",
        "Weight": 10,
        "Containers": [
          {
            "Type": "Single",
            "Item": {
              "ItemId": "Armor_Mithril_Chest",
              "QuantityMin": 0,
              "QuantityMax": 1
            }
          }
        ]
      },
      {
        "Type": "Choice",
        "Weight": 10,
        "Containers": [
          {
            "Type": "Single",
            "Item": {
              "ItemId": "Armor_Mithril_Hands",
              "QuantityMin": 0,
              "QuantityMax": 1
            }
          }
        ]
      },
      {
        "Type": "Choice",
        "Weight": 10,
        "Containers": [
          {
            "Type": "Single",
            "Item": {
              "ItemId": "Armor_Mithril_Head",
              "QuantityMin": 0,
              "QuantityMax": 1
            }
          }
        ]
      },
      {
        "Type": "Choice",
        "Weight": 5,
        "Containers": [
          {
            "Type": "Single",
            "Item": {
              "ItemId": "Weapon_Longsword_Flame",
              "QuantityMin": 0,
              "QuantityMax": 1
            }
          }
        ]
      }
    ]
  }
}
