{
  "Animations": {
    "Bite": {
      "Speed": 1,
      "Looping": false,
      "ThirdPerson": "NPC/models/Animations/Bite.blockyanim",
      "ThirdPersonMoving": "NPC/models/Animations/Bite_Moving.blockyanim"
    }
  },
  "Camera": {
    "Pitch": {
      "AngleRange": {
        "Max": 30,
        "Min": -30
      },
      "TargetNodes": [
        "Head"
      ]
    },
    "Yaw": {
      "AngleRange": {
        "Max": 30,
        "Min": -30
      },
      "TargetNodes": [
        "Head"
      ]
    }
  },
  "WiggleWeights": {
    "Pitch": 2,
    "PitchDeceleration": 0.1,
    "Roll": 0.1,
    "RollDeceleration": 0.1,
    "X": 3,
    "XDeceleration": 0.1,
    "Y": 0.1,
    "YDeceleration": 0.1,
    "Z": 0.1,
    "ZDeceleration": 0.1
  }
}
